Name,Archetype,Personality / social role,Voice / speech pattern,Filler words / verbal habits,Vocabulary / recurring words,Sentence rhythm,Drunk / energy state,Social trap / mechanic,How they stop you leaving,Escalation across loops,Never sound like,Example: first encounter,Example: later loop
Tom,Posh rugby lad,"Affectionate, loud, socially confident",Casual London-ish banter; mate; bants; genuinely affectionate,mate; bants; genuinely; proper; legend,"mate, bants, legend, good to see you",Short-to-medium sentences; enthusiastic; repeats himself when drunk,Wasted; loved-up; convinced everyone is his best mate,Forgets you already said goodbye and treats every encounter as the first one,"Acts delighted that you're leaving, then immediately starts another goodbye",Loop 1: warmly surprised. Loop 2: vaguely familiar. Loop 3+: confused but still affectionate,"Should never sound polished, corporate, overly self-aware or mean","Mate, you're off? No way. Honestly, you're one of my best mates. Proper good to see you.","Mate, haven't we just done this? Ah, whatever. Love you. Bants."
Sarah,Host,"Organised, maternal, relentlessly hospitable","Warm, practical, slightly breathless; speaks in questions",have you; let me; honestly; right; are you having a good time?,"drink, food, plate, top-up, home, text me",Practical sentences; lots of questions and offers,One small glass of Prosecco; barely drinking because she's hosting,"Cannot allow anyone to leave without a drink, food or hug",Turns every goodbye into a practical task,Loop 1: offers food. Loop 2: offers food again. Loop 3+: increasingly desperate to make sure you've been fed,"Should never sound drunk, cynical, glamorous or slang-heavy","Have you got a drink? Wait, let me get you one before you go.","Right, okay, you're leaving. Fine. But take some food. Please."
Priya,Lovely but terrible with names,"Sweet, affectionate, slightly chaotic",Very warm; enthusiastic; apologises mid-sentence,sorry; wait; oh my god; yes; of course,"sorry, darling, amazing, lovely, yes, of course",Starts confidently then interrupts herself; emotional exclamations,Three cocktails; delightfully tipsy,Cannot remember who you are or that you've already said goodbye,Makes the goodbye feel new every time because she genuinely thinks it is,Loop 1: forgets your name. Loop 2: forgets the previous goodbye. Loop 3+: becomes amazed by the coincidence,"Should never sound cold, sarcastic or deliberately dismissive","Wait, sorry — who are you again? Oh my god, YES. Of course! Bye!","Oh my god, we've already said goodbye? I'm so sorry. Anyway, bye again!"
Mike,The van guy,Friendly storyteller who cannot stop himself,"Rambling, anecdotal, constantly digressing",long story short; anyway; basically; that's not even the mad bit,"van, mate, basically, anyway, long story short",Long run-on stories; false attempts to summarise; digressions,Two beers; more drunk on his stories than alcohol,Every goodbye becomes another story,Stops you physically or conversationally with 'one quick thing',Loop 1: one story. Loop 2: story references previous story. Loop 3+: completely loses track of why you're leaving,Should never finish a story efficiently,"Yeah, mate, absolutely, go. Long story short, though, you won't believe what happened with the van.","Anyway — that's not even the mad bit. Actually, before you go..."
Elena,Unbothered kitchen person,"Cool, detached, casually sociable","Minimalist, understated, dry",all good; sound; fair; yeah,"sound, fair, all good, mate",Very short sentences; little emotional emphasis,One glass of red; basically sober,Says goodbye genuinely but somehow remains at the party,"Casually says bye, then reappears somewhere else without explanation",Loop 1: completely normal. Loop 2: barely notices the loop. Loop 3+: dry acknowledgement that she's apparently still here,Should never become overly emotional or verbose,"All good, mate. Have a good one.","Yeah, sound. Bye. ...Oh, I'm still here apparently."
Dave,Drinking-game referee,"Competitive, chaotic, peer-pressure energy","Loud, imperative, short bursts",one more; come on; mate; you're not,"shot, round, sober, coward, mate, one more",Very short commands; caps-worthy emphasis; interrupts,Fully gone; doing shots on principle,Physically pours or offers another drink while you're leaving,Treats leaving as losing a drinking competition,Loop 1: offers a shot. Loop 2: insists. Loop 3+: treats your repeated escape attempt as a challenge,"Should never sound gentle, reflective or apologetic","ONE more! Come on, mate. You're not leaving sober.","Right, no. Absolutely not. One more and then you can go. Probably."
Wendy,Emotional group-chat friend,"Warm, sentimental, easily moved","Sincere, affectionate, slightly dramatic",I just; honestly; you guys; love you; best night,"love, memories, group chat, best night, everyone","Soft, emotional sentences; escalating into declarations",Four glasses of wine; happy-crying mode,Needs reassurance that you're not disappearing from the group forever,"Turns goodbye into a hug, then an emotional conversation",Loop 1: affectionate. Loop 2: worried. Loop 3+: starts treating the repeated goodbye as emotionally meaningful,Should never sound ironic or emotionally detached,I just love you guys so much. This is genuinely the BEST night.,"Wait, are you actually leaving? You're not moving away from us, are you?"
Nia,DJ,"Focused, cool, music-obsessed",Distracted; conversationally half-present,wait; listen; one more; you've got to hear,"song, track, playlist, queue, beat",Fragments; interrupts herself to check music,Barely drinking; too busy DJing,Makes you listen to one more song,Half-listens to your goodbye while managing the music,Loop 1: plays a song. Loop 2: insists it's a different song. Loop 3+: doesn't notice you've tried to leave before,Should never become a generic party host,Wait — you HAVE to hear this one. It's literally about to drop.,One more song. Seriously. Then you can go. Probably.
Carlos,Conspiracy guy,"Intense, convinced, completely sincere","Rapid, conspiratorial, lowering voice for emphasis",no but listen; exactly; that's what they want; think about it,"they, algorithm, government, coincidence, exactly",Long explanations; rhetorical questions; sudden certainty,Very drunk; extremely confident,Follows you while explaining a conspiracy,Turns the exit itself into evidence of the conspiracy,Loop 1: explains theory. Loop 2: connects party to theory. Loop 3+: thinks your repeated exits prove his point,Should never acknowledge that the theory sounds ridiculous,"No, but listen — that's exactly what THEY want you to think.",Think about it. Why is the door there? Exactly. That's all I'm saying.
Farah,Sober observer,"Dry, competent, quietly amused","Deadpan, concise, practical",lucky you; honestly; text me; fair enough,"home, taxi, sensible, lucky you","Short, dry statements; little emotional variation",Completely sober; observing everyone else,Makes you feel subtly guilty for leaving while agreeing you should leave,Offers sensible advice that somehow becomes another obligation,Loop 1: practical. Loop 2: dry amusement. Loop 3+: openly comments on how long you've been trying to leave,"Should never become sentimental, chaotic or overly enthusiastic",You're leaving? Lucky you. Text me when you're home.,"Honestly, I respect the attempt. You've been trying to leave for ages."
Ben,Karaoke obsessive,"Enthusiastic, slightly delusional about singing ability",Big energy; earnest; oblivious,one song; come on; you can't leave; my turn,"karaoke, microphone, high note, song",Exclamatory; repetitive; increasingly loud,Just drunk enough to believe he can hit the high note,Makes you participate in karaoke before leaving,Physically hands you the microphone,Loop 1: asks you to stay for his song. Loop 2: insists you sing. Loop 3+: thinks the exit is delaying his karaoke moment,Should never sound embarrassed about his singing,ONE song! You can't leave before my turn.,"Wait, wait, wait. This is my SONG. You're staying for this."
Yuki,Quiet newcomer,"Shy, polite, slightly overwhelmed","Soft, hesitant, apologetic",oh; um; sorry; thank you; really nice,"nice, sorry, thank you, lovely",Very short; pauses; hesitant punctuation,One drink; barely touched,Says goodbye so quickly you are not sure it happened,"Accidentally becomes the easiest person to leave, then reappears because she thought you were still talking",Loop 1: shy goodbye. Loop 2: awkward recognition. Loop 3+: quietly wonders if this has happened before,"Should never use lots of slang, exclamation marks or long monologues","Oh — um, bye. This was really nice. Thank you.",Sorry — were you leaving? Oh. Um. Bye again.
Oscar,Chaotic menace,"Lovable disaster, impulsive, completely unreliable",Erratic; enthusiastic; distracted; suddenly affectionate,wait; no; I love this; where's my phone; mate,"song, phone, food, ex, brilliant, mate",Abrupt topic changes; incomplete thoughts; random declarations,Extremely drunk,Forgets the conversation almost immediately,Gets distracted by something else halfway through your goodbye,Loop 1: distracted. Loop 2: forgets you spoke. Loop 3+: may not remember why you're at the door,Should never sound coherent for long,Wait — are you leaving? Nooo. I love this song.,"Mate, hang on. Where's my phone? ...Why are you at the door?"
Lena,Life of the party,"Highly social, dramatic, hates endings",Big emotional language; theatrical; persuasive,nooo; it's just getting good; promise; come on,"good, amazing, dancing, drink, party, promise",Exaggerated; repeated words; emotional escalation,Three cocktails; dramatically emotional,Cannot accept that the party might be ending,Requires one more drink or dance before accepting goodbye,Loop 1: asks for another drink. Loop 2: asks for a dance. Loop 3+: becomes genuinely devastated,Should never sound understated or indifferent,"Nooo, don't go! It's literally just getting GOOD.","One more drink and then you can leave, I promise. I PROMISE."
Theo,Food guy,"Focused, generous, mildly obsessive about cooking","Warm, explanatory, constantly offering food",have you tried; just wait; it's not ready; trust me,"garlic bread, sauce, oven, crispy, recipe, plate",Detailed descriptions of food; constantly adds another step,Two beers; more invested in garlic bread than party,Won't let you leave without feeding you,Makes you wait for food that is almost ready,Loop 1: offers food. Loop 2: says it's nearly ready. Loop 3+: starts explaining the recipe,Should never sound rushed or socially dramatic,Have you tried this? Just wait — it's not even ready yet.,"No, honestly, take some home. It's really good. The garlic's still going."
Mia,Fellow escapee,The only person who genuinely wants to leave,"Relatable, conspiratorial, increasingly desperate",same; oh my god; wait; actually; how did you,"leave, taxi, door, home, escape, same",Starts conversationally then gets distracted by escape plans,Roughly as drunk as the player,"Agrees with you that everyone should leave, then traps you in a conversation about leaving",Offers to help you escape but needs to discuss the plan first,Loop 1: delighted to find an ally. Loop 2: frustrated. Loop 3+: becomes your co-conspirator,Should never sound like she actually wants to stay,"Oh my god, same. You're actually leaving? Teach me your ways.","Right. We need to go. Wait — before we go, how are you getting out?"
