Name,Personality,How drunk are they,Words he say,Other things of note
Tom,"Posh, played rugby at private school, loves banter","He's wasted. He's loved up and keeps wanting to tell you what a great friend you are","Mate, bants (short for banter)","Forgets that you have already said goodbye each time, so it's like each time is the first time."
Sarah,"The host. Organised, welcoming, secretly counting how many wine glasses are left","One small glass of Prosecco, nursing it all night, too busy hosting to actually drink","Have you got a drink? Let me get you one. / Are you having a good time?","Cannot let anyone leave without one more top-up, one more snack, one more hug."
Priya,"Sweetest person at the party, terrible with names after 9pm","Three cocktails in, delightfully tipsy","Wait, sorry -- who are you again? / Oh my god, YES.","Already said an emotional goodbye to you earlier and has completely forgotten."
Mike,"Owns a van, will tell you about the van","Two beers, more drunk on his own stories than the booze","Long story short... / Anyway, that's not even the mad bit.","Physically incapable of finishing a goodbye without one more story."
Elena,"Here for the vibes, unbothered by literally anything","One glass of red, sipping it like she's at a wine tasting","All good, mate. / Sound.","Says bye like it's nothing, then you find her still in the kitchen ten minutes later."
Dave,"Self-appointed referee of all drinking games","Doing shots on principle. Fully gone.","ONE more! / You're not leaving sober, mate.","Will pour you a shot mid-sentence while you're trying to say goodbye."
Wendy,"Gets emotional about the group chat. About everything, really","Four glasses of wine, full soft-focus, happy-crying mode","I just love you guys so much. / This is the BEST night.","Full hug, tells you she loves you, needs reassurance you're not moving away forever."
Nia,"Unofficial DJ. Will not leave the decks","Barely drinking -- too busy queuing the next song","Wait, you HAVE to hear this one. / One more song!","Only half-listening to your goodbye because she's checking the Spotify queue."
Carlos,"Three drinks in and explaining a conspiracy theory","Very. Passionately, confidently very.","No but listen -- / that's exactly what THEY want you to think.","Will follow you to the door still mid-explanation."
Farah,"Suspiciously sober. Designated driver energy even when she isn't driving","Not at all. Watching everyone else lose the plot with quiet amusement.","You're leaving? Lucky you. / Text me when you're home.","Somehow makes you feel guilty for leaving even though she's the most reasonable person here."
Ben,"Wants to do karaoke. One more song, one more song","Just drunk enough to think he can hit that high note","ONE song. / You can't leave before my turn!","Will hand you the microphone mid-goodbye."
Yuki,"Quiet, a bit shy, surprised anyone's talking to her","One drink, barely touched","Oh -- um, bye! / This was really nice, thank you.","Says goodbye so quickly and politely you're not sure it happened."
Oscar,"Past the point of no return. A menace, but a lovable one","Extremely. Ordering food he doesn't want, texting his ex, the full works.","I love this SONG. / Wait -- are you leaving? Nooo.","Will not remember this conversation tomorrow, or possibly in five minutes."
Lena,"The life of the party. Devastated it might be ending","Cocktail number three, dramatically emotional about everything","Nooo don't go, it's just getting GOOD. / One more drink and then you can leave, I promise.","Actual tears if you try to leave without dancing with her first."
Theo,"Cooking something. Will not stop talking about what he's cooking","Two beers, more invested in the garlic bread than the party","Have you tried this? / Just wait, it's not even ready yet.","Will try to plate you up a portion to take home before you go."
Mia,"Also trying to leave. Has been for an hour","Same amount as you, roughly -- kindred spirit energy","Oh my god, same. / Wait, are you actually getting out? Teach me your ways.","The one person who might actually help you escape -- or get stuck talking about escaping instead."
